Serie, ejercicio y nº factura;Fecha;Base general;Beneficio;Total factura
08-AB/23-00004;2023-01-12;-52.50;-52.50;-63.53
08-N/23-00018;2023-01-04;246.76;60.48;298.58
08-N/23-00008;2023-01-03;58.10;26.01;70.30
08-N/22-03517;2022-12-22;20.94;9.97;25.34
08-N/22-03478;2022-12-19;251.85;72.00;304.74
08-N/22-03314;2022-11-30;267.60;58.96;323.80
08-N/22-03257;2022-11-25;267.60;58.96;323.80
08-N/22-03255;2022-11-25;31.95;16.70;38.66
08-N/22-03152;2022-11-16;24.80;8.40;30.01
08-N/22-02947;2022-10-27;260.64;79.79;315.37
08-N/22-02931;2022-10-27;37.15;21.85;44.95
08-N/22-02840;2022-10-19;101.21;33.98;122.46
08-N/22-02807;2022-10-17;223.17;84.68;270.04
08-N/22-02718;2022-10-07;111.60;57.14;135.04
08-N/22-02717;2022-10-06;264.07;97.06;319.52
08-N/22-02630;2022-09-28;132.69;40.64;160.55
08-N/22-02588;2022-09-22;8.64;3.40;10.45
08-N/22-02583;2022-09-22;40.60;17.81;49.13
08-N/22-02539;2022-09-19;37.04;13.22;44.82
08-N/22-02510;2022-09-16;84.56;29.89;102.32
08-N/22-02487;2022-09-14;12.22;10.08;14.79
08-N/22-02428;2022-09-07;95.40;18.44;115.43
08-N/22-02339;2022-08-29;200.10;64.20;242.12
08-N/22-02278;2022-08-22;158.18;51.70;191.40
08-N/22-02008;2022-07-14;57.86;24.61;70.01
08-N/22-01858;2022-06-30;67.77;27.58;82.00
08-N/22-01807;2022-06-27;24.05;10.60;29.10
08-N/22-01718;2022-06-17;82.38;30.14;99.68
08-N/22-01696;2022-06-14;87.56;34.44;105.95
08-N/22-01366;2022-05-16;201.42;64.59;243.72
08-N/22-01297;2022-05-11;78.12;5.58;94.53
08-N/22-01164;2022-04-27;131.88;16.08;159.57
08-N/22-00631;2022-03-04;106.56;34.42;128.94
08-N/22-00488;2022-02-18;46.65;15.04;56.45
08-N/22-00439;2022-02-15;123.09;31.14;148.94
08-N/22-00398;2022-02-11;171.30;37.60;207.27
08-N/22-00263;2022-01-28;292.91;105.02;354.42
08-N/22-00218;2022-01-25;134.36;42.63;160.95
08-N/22-00213;2022-01-25;74.05;22.23;88.71
08-N/22-00129;2022-01-18;94.36;31.62;113.04
08-N/22-00045;2022-01-10;95.13;24.94;113.96
08-N/22-00004;2022-01-03;25.26;12.97;30.26
08-N/21-03567;2021-12-17;53.20;18.44;63.73
08-N/21-03339;2021-11-25;119.94;36.69;143.68
08-N/21-03071;2021-11-03;75.88;26.56;90.90
08-N/21-02858;2021-10-13;76.63;26.46;91.79
08-N/21-02579;2021-09-14;143.00;26.32;171.30
08-N/21-02486;2021-09-06;161.67;55.71;193.66
08-N/21-02367;2021-08-18;143.25;44.50;171.60
08-N/21-02249;2021-07-28;15.91;8.67;19.06
08-N/21-02228;2021-07-26;80.15;28.66;96.01
08-N/21-02063;2021-07-07;75.88;27.61;90.90
08-N/21-01933;2021-06-23;48.80;22.31;58.46
08-N/21-01833;2021-06-15;33.14;12.85;39.70
08-N/21-01687;2021-06-01;35.14;16.44;42.10
08-N/21-01685;2021-06-01;15.00;4.77;17.97
08-N/21-01542;2021-05-17;86.27;29.13;103.35
08-N/21-01413;2021-05-05;77.14;27.55;92.41
08-N/21-01296;2021-04-27;94.58;32.91;113.29
08-N/21-01265;2021-04-23;35.80;9.66;42.88
08-N/21-01256;2021-04-22;25.63;12.43;30.70
08-N/21-01225;2021-04-20;63.58;27.78;76.16
08-N/21-01204;2021-04-19;28.09;14.11;33.65
08-N/21-01159;2021-04-15;43.15;19.88;51.69
08-N/21-00985;2021-03-25;30.28;15.31;36.28
08-N/21-00943;2021-03-23;271.26;84.55;324.95
08-N/21-00763;2021-03-05;27.29;13.75;32.69
08-N/21-00729;2021-03-03;176.68;51.96;211.64
08-N/21-00693;2021-02-26;172.46;67.05;206.60
08-N/21-00608;2021-02-19;21.88;8.17;26.21
08-N/21-00606;2021-02-19;13.05;3.63;15.63
08-N/21-00512;2021-02-12;-24.20;-24.20;-29.28
08-N/21-00399;2021-02-04;45.10;13.73;54.03
08-N/21-00395;2021-02-04;20.88;12.33;25.01
08-N/21-00381;2021-02-04;11.76;4.08;14.08
08-N/21-00338;2021-02-02;38.08;33.86;45.62
08-N/21-00322;2021-02-01;175.95;55.41;210.77
08-N/21-00217;2021-01-21;28.58;12.43;34.23
08-N/21-00171;2021-01-19;45.64;22.40;54.67
08-N/21-00060;2021-01-12;233.66;73.35;279.90
08-N/20-03300;2020-12-17;320.76;103.41;384.24
08-N/20-03157;2020-12-04;117.80;41.59;141.11
08-N/20-03054;2020-11-25;60.38;21.73;72.33
08-N/20-02875;2020-11-12;117.30;31.12;133.50
08-N/20-02764;2020-11-06;25.10;11.57;30.07
08-N/20-02758;2020-11-05;58.40;13.18;66.47
08-N/20-02748;2020-11-05;29.70;12.34;33.81
08-N/20-02550;2020-10-20;328.44;103.16;393.44
08-N/20-02358;2020-10-06;117.30;36.68;140.52
08-N/20-02049;2020-09-16;-24.20;-24.20;-29.28
08-N/20-02041;2020-09-15;67.32;43.20;80.65
08-N/20-02019;2020-09-14;45.54;17.35;54.55
08-N/20-01994;2020-09-11;76.56;26.97;91.71
08-N/20-01935;2020-09-07;22.68;10.80;27.16
08-N/20-01922;2020-09-04;47.98;21.92;57.48
08-N/20-01315;2020-07-10;117.30;36.52;140.52
08-N/20-01186;2020-06-30;65.10;20.87;77.98
08-N/20-01168;2020-06-30;65.31;24.04;78.24
08-N/20-01117;2020-06-25;60.20;20.30;72.12
08-N/20-00719;2020-05-22;12.80;8.14;15.33
08-N/20-00576;2020-05-11;117.50;36.24;140.76
08-N/20-00266;2020-03-16;84.87;36.09;101.66
08-N/20-00131;2020-03-03;70.50;21.80;84.46
08-N/20-00122;2020-03-03;95.26;33.66;114.12
08-N/20-00113;2020-03-02;274.14;108.16;328.39
08-N/20-00097;2020-02-28;31.86;13.58;38.16
08-N/20-00071;2020-02-24;12.80;8.16;15.33
03-N/20-00264;2020-01-27;52.25;18.51;62.59
03-N/19-03718;2019-12-19;-113.65;-113.65;-137.52
03-N/19-03631;2019-12-11;130.50;42.58;156.33
03-N/19-03609;2019-12-10;39.20;18.16;46.96
03-N/19-03577;2019-12-04;114.80;33.45;137.52
03-N/19-03520;2019-12-02;102.26;34.10;122.50
03-N/19-03210;2019-11-04;152.82;41.04;183.06
03-N/19-03024;2019-10-16;69.25;23.25;82.96
03-N/19-02963;2019-10-10;14.20;10.28;17.01
03-N/19-02855;2019-10-02;34.99;14.64;41.91
03-N/19-02704;2019-09-18;30.40;15.10;36.42
03-N/19-02689;2019-09-17;8.18;3.85;9.80
03-N/19-02681;2019-09-17;93.88;34.15;112.46
03-N/19-02602;2019-09-09;121.12;44.66;145.09
03-N/19-02233;2019-07-24;258.05;43.04;309.12
03-N/19-02170;2019-07-17;65.02;19.46;77.89
03-N/19-01988;2019-07-01;15.73;11.05;18.84
03-N/19-01922;2019-06-25;118.30;36.99;141.72
03-N/19-01658;2019-05-28;235.80;68.51;282.46
03-N/19-01388;2019-04-30;38.22;20.84;45.79
03-N/19-01208;2019-04-10;29.70;16.67;35.57
03-N/19-00729;2019-03-04;107.28;37.87;128.51
03-N/19-00370;2019-02-04;29.50;16.73;35.34
03-N/19-00298;2019-01-29;130.13;40.38;155.88
03-N/18-04107;2018-12-05;41.58;16.36;49.80
03-N/18-03903;2018-11-21;66.70;27.87;79.90
03-N/18-03746;2018-11-12;19.54;13.67;23.40
03-N/18-03586;2018-10-29;112.42;42.06;134.67
03-N/18-03500;2018-10-22;100.14;34.76;119.96
03-N/18-03393;2018-10-11;50.61;25.97;60.62
03-N/18-03181;2018-09-26;9.30;6.89;11.14
03-N/18-03129;2018-09-24;141.96;43.90;170.05
03-N/18-02832;2018-08-29;180.32;69.34;216.01
03-N/18-02599;2018-07-26;96.58;37.71;115.69
03-N/18-02409;2018-07-12;102.62;25.76;122.92
03-N/18-02351;2018-07-05;29.62;17.82;35.48
03-N/18-02096;2018-06-14;21.60;8.38;25.87
03-N/18-02080;2018-06-14;27.38;13.87;32.80
03-N/18-02041;2018-06-11;16.84;11.95;20.17
03-N/18-01966;2018-06-05;34.66;16.67;41.52
03-N/18-01802;2018-05-24;118.30;36.64;141.72
03-N/18-01646;2018-05-10;25.60;15.84;30.66
03-N/18-01125;2018-03-22;21.66;13.15;25.94
03-N/18-00904;2018-03-08;53.00;14.38;63.49
03-N/18-00840;2018-03-05;18.00;11.32;21.56
03-N/18-00771;2018-02-26;141.00;43.18;168.90
03-N/18-00493;2018-02-07;63.10;32.47;75.59
03-N/18-00413;2018-02-01;6.03;2.37;7.22
03-N/18-00368;2018-01-29;28.90;14.85;34.62
03-N/18-00275;2018-01-23;141.00;43.41;168.90
03-N/18-00098;2018-01-10;68.40;20.17;81.94
03-N/18-00074;2018-01-08;16.98;9.89;20.34
03-N/18-00062;2018-01-08;64.10;11.76;76.79
03-N/17-04290;2017-12-29;39.64;23.72;47.48
03-N/17-04265;2017-12-27;103.10;47.55;123.50
03-N/17-04100;2017-12-12;138.84;42.05;166.31
03-N/17-03931;2017-11-24;37.76;21.32;45.23
03-N/17-03896;2017-11-22;87.33;36.47;104.62
03-N/17-03851;2017-11-20;62.85;12.87;75.29
03-N/17-03804;2017-11-16;119.20;39.04;142.79
03-N/17-03555;2017-10-24;199.35;71.44;238.81
03-N/17-03442;2017-10-17;128.80;42.07;154.29
03-N/17-03342;2017-10-09;190.72;60.33;228.46
03-N/17-03138;2017-09-21;-116.74;-62.28;-141.26
03-N/17-02977;2017-09-07;117.92;62.28;141.26
03-N/17-02954;2017-09-06;122.22;39.48;146.41
03-N/17-02716;2017-08-07;8.95;7.35;10.72
03-N/17-02673;2017-08-01;119.20;38.14;142.79
03-N/17-02357;2017-07-04;41.50;22.19;49.72
03-N/17-02164;2017-06-19;17.50;11.03;20.97
03-N/17-02142;2017-06-19;131.12;40.62;157.07
03-N/17-02068;2017-06-13;24.60;14.16;29.46
03-N/17-01915;2017-05-31;121.40;39.11;145.43
03-N/17-01860;2017-05-29;11.62;8.86;13.92
03-N/17-01824;2017-05-25;17.28;11.67;20.70
03-N/17-01774;2017-05-22;48.40;29.22;57.98
03-N/17-01733;2017-05-18;40.84;24.11;48.92
03-N/17-01610;2017-05-09;141.74;51.21;169.79
03-N/17-01505;2017-04-27;83.80;30.22;100.38
03-N/17-00856;2017-03-07;221.44;69.42;265.27
03-N/17-00480;2017-02-09;208.77;70.50;250.08
03-N/17-00187;2017-01-18;131.26;42.55;157.24
03-N/17-00160;2017-01-17;51.00;29.13;61.09
03-N/16-04362;2016-12-28;44.88;21.98;53.76
03-N/16-03892;2016-11-18;15.75;11.24;18.86
03-N/16-03861;2016-11-16;326.87;99.27;391.56
03-N/16-03812;2016-11-14;58.56;38.17;70.14
03-N/16-03760;2016-11-09;176.54;61.43;211.47
03-N/16-03554;2016-10-25;76.54;35.50;91.68
03-N/16-03477;2016-10-19;50.08;27.82;59.99
03-N/16-03353;2016-10-06;183.00;61.63;219.22
03-N/16-03316;2016-10-04;40.50;19.10;48.52
03-N/16-03258;2016-09-28;58.56;38.17;70.14
03-N/16-03236;2016-09-27;17.50;10.33;20.97
03-N/16-03146;2016-09-21;50.08;27.82;59.99
03-N/16-02981;2016-09-09;54.00;28.26;64.69
03-N/16-02956;2016-09-08;215.04;52.17;257.60
03-N/16-02643;2016-07-29;23.64;14.75;28.31
03-N/16-02565;2016-07-25;-29.70;-29.70;-35.94
03-N/16-02535;2016-07-21;330.94;146.91;396.43
03-N/16-02227;2016-06-28;26.25;13.88;31.45
03-N/16-02086;2016-06-15;169.11;53.91;202.58
03-N/16-02020;2016-06-09;30.00;21.16;35.94
03-N/16-01864;2016-05-27;15.00;10.60;17.97
03-N/16-01470;2016-04-26;27.60;17.10;33.06
03-N/16-01415;2016-04-20;16.64;12.06;19.93
03-N/16-01355;2016-04-15;210.06;67.27;251.63
03-N/16-00778;2016-02-29;95.60;49.35;114.51
03-N/16-00711;2016-02-24;209.30;61.04;250.72
03-N/16-00597;2016-02-17;30.60;18.65;36.65
03-N/16-00536;2016-02-12;118.42;67.02;143.29
03-N/16-00417;2016-02-03;182.40;46.85;218.50
03-N/16-00208;2016-01-20;236.16;65.24;282.90
03-N/15-05286;2015-12-18;287.63;82.37;344.55
03-N/15-05252;2015-12-17;64.72;27.80;77.52
03-N/15-05251;2015-12-17;31.20;19.25;37.38
03-N/15-05151;2015-12-11;0.00;0.00;0.00
03-N/15-05150;2015-12-11;3.00;2.97;3.59
03-N/15-04825;2015-11-18;182.40;45.10;218.50
03-N/15-04670;2015-11-06;-67.72;-25.74;-81.94
03-N/15-04469;2015-10-23;235.85;71.92;282.52
03-N/15-04412;2015-10-21;113.46;35.40;135.92
03-N/15-04373;2015-10-19;31.50;16.95;37.74
03-N/15-04341;2015-10-16;58.26;18.58;69.79
03-N/15-04268;2015-10-13;78.54;45.11;94.08
03-N/15-04265;2015-10-09;32.25;6.44;38.64
03-N/15-04254;2015-10-08;178.56;43.44;213.89
03-N/15-04123;2015-10-01;79.50;35.20;95.24
03-N/15-04066;2015-09-28;58.23;18.90;69.76
03-N/15-03901;2015-09-17;55.23;16.29;66.16
03-N/15-03900;2015-09-17;210.60;80.51;252.27
03-N/15-03876;2015-09-16;65.00;47.20;77.86
02-N/15-00025;2015-09-16;-54.35;-3.16;-65.76
03-N/15-03828;2015-09-14;95.02;49.57;113.82
03-N/15-03770;2015-09-09;10.75;8.71;12.87
03-N/15-03740;2015-09-08;178.56;43.79;213.89
03-N/15-03739;2015-09-08;-216.57;-83.59;-262.05
03-N/15-03721;2015-09-04;218.76;83.59;262.05
03-N/15-03680;2015-09-03;19.72;12.04;23.62
03-N/15-03346;2015-08-03;29.80;21.38;35.70
03-N/15-03248;2015-07-27;86.88;34.23;104.07
03-N/15-02946;2015-07-07;104.60;63.74;125.30
03-N/15-02864;2015-07-01;271.82;97.93;325.61
03-N/15-02792;2015-06-25;28.60;15.22;34.26
03-N/15-02766;2015-06-25;28.48;21.66;34.12
03-N/15-02676;2015-06-17;238.28;95.46;285.44
03-N/15-02635;2015-06-16;-110.09;-60.09;-133.21
03-N/15-02631;2015-06-16;-163.80;-81.88;-196.21
03-N/15-02615;2015-06-15;79.00;24.51;94.63
03-N/15-02603;2015-06-12;3.00;3.00;3.63
03-N/15-02578;2015-06-11;24.80;18.54;29.71
03-N/15-02419;2015-06-03;166.80;84.85;199.81
03-N/15-02385;2015-06-01;148.86;59.76;178.32
03-N/15-02259;2015-05-26;114.20;63.06;136.80
03-N/15-02181;2015-05-20;91.49;42.14;109.60
03-N/15-02167;2015-05-19;223.20;53.38;267.37
03-N/15-02089;2015-05-13;54.90;6.70;65.76
03-N/15-02055;2015-05-12;39.15;25.63;46.90
03-N/15-01982;2015-05-06;169.98;52.25;203.62
03-N/15-01950;2015-05-05;75.18;47.43;90.06
03-N/15-01843;2015-04-28;-48.41;-0.76;-58.58
03-N/15-01800;2015-04-24;108.02;36.89;129.40
03-N/15-01610;2015-04-14;210.15;77.44;251.74
03-N/15-01609;2015-04-14;110.70;42.11;132.60
03-N/15-01507;2015-04-08;37.05;22.65;44.38
03-N/15-01472;2015-04-06;108.02;33.07;129.40
03-N/15-01373;2015-03-26;33.98;25.75;40.70
03-N/15-01202;2015-03-18;35.40;17.46;42.41
03-N/15-01153;2015-03-16;171.90;54.75;205.92
03-N/15-01088;2015-03-11;43.00;24.43;51.51
03-N/15-01057;2015-03-10;44.70;28.26;53.54
03-N/15-00694;2015-02-19;128.46;53.54;153.89
03-N/15-00620;2015-02-18;89.45;36.73;107.16
03-N/15-00531;2015-02-11;317.52;105.56;380.35
03-N/15-00463;2015-02-06;123.25;79.02;147.64
03-N/15-00444;2015-02-05;83.70;29.04;100.26
03-N/15-00427;2015-02-04;61.00;33.78;73.07
03-N/15-00258;2015-01-23;156.62;67.87;187.61
03-N/15-00253;2015-01-23;36.40;15.87;43.61
03-N/15-00252;2015-01-23;334.74;94.99;400.98
03-N/15-00170;2015-01-19;192.15;54.90;230.18
03-N/15-00150;2015-01-16;30.60;17.24;36.65
03-N/15-00149;2015-01-16;9.72;5.84;11.64
03-N/14-04066;2014-12-26;112.05;45.83;134.23
03-N/14-04031;2014-12-22;253.28;73.79;303.41
03-N/14-03921;2014-12-15;49.20;33.11;58.94
03-N/14-03853;2014-12-10;192.35;36.81;230.42
03-N/14-03819;2014-12-09;183.66;63.70;220.00
03-N/14-03583;2014-11-25;161.41;55.09;193.36
03-N/14-03497;2014-11-21;-11.10;-11.10;-13.43
03-N/14-03488;2014-11-20;105.45;64.99;126.32
03-N/14-03415;2014-11-17;103.85;57.45;124.40
03-N/14-03290;2014-11-11;312.42;75.37;374.25
03-N/14-03206;2014-11-06;98.01;43.94;117.41
03-N/14-03189;2014-11-05;150.05;39.01;179.75
03-N/14-03060;2014-10-29;1446.80;361.91;1733.12
03-N/14-02978;2014-10-27;76.80;11.45;92.00
03-N/14-02921;2014-10-23;46.00;28.94;55.10
03-N/14-02874;2014-10-22;315.72;117.92;378.20
03-N/14-02831;2014-10-21;88.35;43.56;105.84
03-N/14-02789;2014-10-20;247.70;64.04;296.72
03-N/14-02766;2014-10-17;244.88;30.31;293.34
03-N/14-02682;2014-10-14;112.08;44.16;134.26
03-N/14-02664;2014-10-13;104.80;18.36;125.54
03-N/14-02637;2014-10-10;31.20;21.19;37.38
03-N/14-02617;2014-10-09;262.72;89.16;314.71
03-N/14-02587;2014-10-08;318.27;90.81;381.26
03-N/14-02390;2014-10-02;93.76;15.18;112.31
03-N/14-02217;2014-09-26;202.52;91.91;242.59
03-N/14-02028;2014-09-23;480.57;168.33;575.67
03-N/14-01764;2014-09-10;134.10;31.88;160.64
03-N/14-01719;2014-09-05;110.10;10.45;131.89
03-N/14-01671;2014-09-02;211.16;66.08;252.95
03-N/14-01650;2014-09-01;277.38;80.82;332.28
03-N/14-01628;2014-08-28;250.56;89.42;300.14
03-N/14-01614;2014-08-26;87.00;46.40;104.22
03-N/14-01473;2014-08-06;222.07;79.98;266.02
03-N/14-01456;2014-08-05;124.75;60.42;149.44
03-N/14-01434;2014-08-01;117.00;9.74;140.15
03-N/14-01414;2014-07-30;453.68;94.30;543.46
03-N/14-01403;2014-07-29;103.89;35.58;124.45
03-N/14-01368;2014-07-24;147.00;51.41;176.09
03-N/14-01264;2014-07-16;113.24;50.09;135.65
03-N/14-01165;2014-07-04;206.44;60.84;247.30
03-N/14-01162;2014-07-04;413.12;121.41;494.88
03-N/14-01122;2014-07-01;47.50;27.18;56.91
03-N/14-01063;2014-06-25;102.24;43.27;122.48
03-N/14-01011;2014-06-19;133.68;67.90;160.13
03-N/14-00991;2014-06-18;101.90;41.86;122.06
03-N/14-00971;2014-06-17;287.16;87.47;343.99
03-N/14-00930;2014-06-12;36.06;26.02;43.20
03-N/14-00888;2014-06-11;308.38;133.39;369.41
03-N/14-00861;2014-06-09;145.08;52.67;173.79
03-N/14-00706;2014-06-03;36.50;21.18;43.73
03-N/14-00632;2014-05-30;301.94;46.02;361.69
03-N/14-00605;2014-05-28;60.58;33.84;72.56
02-N/14-04343;2014-05-20;57.63;38.21;69.03
02-N/14-04323;2014-05-19;221.18;56.03;264.95
02-N/14-04180;2014-05-13;347.94;69.44;416.80
02-N/14-04091;2014-05-09;208.14;48.88;249.33
02-N/14-03922;2014-05-05;141.68;82.00;169.71
02-N/14-03852;2014-04-30;20.68;13.05;24.77
02-N/14-03535;2014-04-15;103.80;19.96;124.34
02-N/14-03495;2014-04-14;51.00;31.82;61.09
02-N/14-03430;2014-04-10;515.69;255.70;617.74
02-N/14-03347;2014-04-08;78.77;42.24;94.36
02-N/14-03268;2014-04-04;21.66;14.33;25.94
02-N/14-03197;2014-04-03;356.76;117.09;427.36
02-N/14-03141;2014-04-02;373.38;117.64;447.28
02-N/14-02982;2014-03-27;349.08;114.98;418.16
02-N/14-02907;2014-03-25;150.70;26.61;180.52
02-N/14-02864;2014-03-24;200.23;51.62;239.86
02-N/14-02711;2014-03-19;-34.85;-34.85;-42.17
02-N/14-02664;2014-03-17;207.08;90.88;248.06
02-N/14-02498;2014-03-11;488.71;96.74;585.42
02-N/14-02367;2014-03-06;230.42;105.29;276.03
02-N/14-02230;2014-03-03;95.20;34.58;114.04
02-N/14-02204;2014-02-28;132.00;34.54;158.12
02-N/14-02154;2014-02-27;118.64;36.68;142.11
02-N/14-02117;2014-02-26;51.40;23.57;61.58
02-N/14-01925;2014-02-20;202.45;60.19;242.52
02-N/14-01828;2014-02-19;408.14;50.08;488.91
02-N/14-01793;2014-02-18;19.50;12.66;23.37
02-N/14-01747;2014-02-17;207.97;121.08;249.13
02-N/14-01700;2014-02-14;105.08;51.97;125.88
02-N/14-01666;2014-02-14;247.34;127.55;296.29
02-N/14-01652;2014-02-13;269.44;63.31;322.77
02-N/14-01588;2014-02-12;26.25;15.95;31.45
02-N/14-01403;2014-02-07;58.30;21.55;69.84
02-N/14-01308;2014-02-05;232.10;11.18;278.03
02-N/14-01225;2014-02-04;140.88;80.90;168.76
02-N/14-01191;2014-02-03;150.20;75.46;179.93
02-N/14-01064;2014-01-30;43.55;27.06;52.16
02-N/14-00888;2014-01-27;342.20;74.04;409.92
02-N/14-00773;2014-01-23;211.80;64.29;253.71
02-N/14-00718;2014-01-22;116.30;71.55;139.32
02-N/14-00588;2014-01-20;466.25;111.02;558.52
02-N/14-00361;2014-01-14;332.02;86.59;397.73
02-N/14-00296;2014-01-13;162.90;17.34;195.14
02-N/14-00248;2014-01-10;114.60;29.60;137.27
02-N/14-00089;2014-01-07;329.78;24.75;395.04
02-N/14-00056;2014-01-03;213.18;43.52;255.37
02-N/13-15971;2013-12-30;15.60;12.26;18.68
02-N/13-15837;2013-12-20;120.69;47.10;144.57
02-N/13-15590;2013-12-16;595.12;147.60;712.90
02-N/13-15496;2013-12-12;230.88;34.09;276.57
02-N/13-15361;2013-12-10;284.30;44.53;340.57
02-N/13-15013;2013-12-02;-24.35;-24.35;-29.46
02-N/13-15011;2013-11-29;177.69;66.43;212.85
02-N/13-14992;2013-11-29;193.60;24.61;231.91
02-N/13-14991;2013-11-29;25.18;15.17;30.17
02-N/13-14824;2013-11-26;121.20;47.83;145.19
02-N/13-14770;2013-11-25;150.35;33.50;180.11
02-N/13-14692;2013-11-22;211.50;31.66;253.36
02-N/13-14525;2013-11-19;313.20;121.00;375.18
02-N/13-14449;2013-11-18;340.37;113.20;407.73
02-N/13-14404;2013-11-18;220.00;45.40;263.54
02-N/13-14288;2013-11-13;518.34;161.00;620.92
02-N/13-14059;2013-11-08;387.00;72.25;463.59
02-N/13-13744;2013-10-31;270.10;86.23;323.55
02-N/13-13623;2013-10-29;163.76;58.12;196.17
02-N/13-13309;2013-10-22;603.40;212.60;722.82
02-N/13-12903;2013-10-14;224.07;61.10;268.41
02-N/13-12825;2013-10-11;380.88;92.24;456.25
02-N/13-12694;2013-10-09;101.90;39.93;122.06
02-N/13-12561;2013-10-07;119.36;39.61;142.99
02-N/13-11908;2013-09-24;354.90;90.63;425.13
02-N/13-11869;2013-09-23;105.18;34.91;126.00
02-N/13-11747;2013-09-19;107.72;12.33;129.03
02-N/13-11387;2013-09-13;236.56;65.87;283.37
02-N/13-11262;2013-09-10;153.00;38.84;183.28
02-N/13-10908;2013-09-02;269.65;95.72;323.01
02-N/13-10812;2013-08-29;261.28;65.72;312.99
02-N/13-10770;2013-08-28;165.60;38.68;198.37
02-N/13-10354;2013-08-12;76.38;39.32;91.50
02-N/13-10250;2013-08-07;219.48;67.16;262.92
02-N/13-10218;2013-08-06;172.80;97.96;206.99
02-N/13-10115;2013-08-02;154.15;39.28;184.66
02-N/13-09716;2013-07-23;57.17;21.49;68.49
02-N/13-09558;2013-07-18;217.30;40.91;260.31
02-N/13-09175;2013-07-10;369.76;104.65;442.93
02-N/13-08733;2013-06-28;127.65;54.32;152.91
02-N/13-08686;2013-06-27;203.95;45.08;244.31
02-N/13-08406;2013-06-20;210.68;70.85;252.37
02-N/13-08273;2013-06-18;85.80;52.99;102.78
02-N/13-08101;2013-06-13;173.15;37.88;207.42
02-N/13-07953;2013-06-11;250.81;79.08;300.44
02-N/13-07761;2013-06-06;159.55;45.61;191.12
02-N/13-07438;2013-05-30;112.30;36.65;134.53
02-N/13-07137;2013-05-24;94.60;32.69;113.32
02-N/13-07088;2013-05-23;312.18;75.53;373.96
02-N/13-06928;2013-05-21;56.00;31.32;67.08
02-N/13-06885;2013-05-21;204.50;122.07;244.98
02-N/13-06580;2013-05-14;220.54;74.66;264.18
02-N/13-06535;2013-05-13;152.50;72.41;182.69
02-N/13-06331;2013-05-08;288.05;54.82;345.06
02-N/13-06268;2013-05-07;235.10;108.58;281.63
02-N/13-06074;2013-05-03;-27.52;-16.67;-33.30
02-N/13-05894;2013-04-26;170.40;56.61;204.13
02-N/13-05600;2013-04-22;59.70;27.21;71.51
02-N/13-05542;2013-04-19;165.91;49.35;198.74
02-N/13-05206;2013-04-15;210.55;55.73;252.21
02-N/13-04986;2013-04-10;299.27;107.38;358.50
02-N/13-04410;2013-03-26;205.45;74.28;246.11
02-N/13-04076;2013-03-19;215.91;74.84;258.64
02-N/13-03944;2013-03-15;305.04;144.97;365.41
02-N/13-03745;2013-03-12;28.88;17.83;34.59
02-N/13-03591;2013-03-08;408.80;86.96;489.70
02-N/13-03273;2013-03-04;206.69;58.83;247.59
02-N/13-03074;2013-02-27;353.22;164.70;423.12
02-N/13-02685;2013-02-20;294.89;144.16;353.25
02-N/13-02619;2013-02-19;291.20;110.89;348.83
02-N/13-02426;2013-02-14;111.96;26.94;134.12
02-N/13-02043;2013-02-07;122.60;77.63;146.86
02-N/13-01861;2013-02-05;312.60;145.26;374.46
02-N/13-01660;2013-01-31;162.20;59.91;194.30
02-N/13-01572;2013-01-30;209.44;115.64;250.89
02-N/13-01479;2013-01-29;111.50;47.51;133.57
02-N/13-01167;2013-01-23;204.34;58.33;244.78
02-N/13-00846;2013-01-17;44.60;20.21;53.42
02-N/13-00555;2013-01-14;307.79;173.56;368.70
02-N/13-00491;2013-01-11;210.05;44.52;251.62
02-N/13-00245;2013-01-08;216.95;78.03;259.88
02-N/13-00142;2013-01-04;244.45;73.61;292.83
02-N/12-18843;2012-12-21;104.25;23.79;124.88
02-N/12-18645;2012-12-18;210.95;76.43;252.70
02-N/12-18219;2012-12-11;203.75;61.77;244.07
02-N/12-17818;2012-12-04;314.70;102.16;376.98
02-N/12-17359;2012-11-23;144.60;43.75;173.21
02-N/12-17023;2012-11-20;-155.93;-79.08;-188.68
02-N/12-16771;2012-11-14;161.63;95.31;193.61
02-N/12-16620;2012-11-12;208.96;66.66;250.31
02-N/12-16481;2012-11-09;58.58;30.16;70.17
02-N/12-16171;2012-11-05;235.90;116.64;282.58
02-N/12-15678;2012-10-24;215.20;85.48;257.79
02-N/12-15487;2012-10-22;104.12;62.53;124.73
02-N/12-15081;2012-10-15;203.20;60.45;243.42
02-N/12-14805;2012-10-09;136.37;36.30;163.36
02-N/12-14694;2012-10-08;464.85;194.60;556.84
02-N/12-14547;2012-10-04;355.47;122.84;425.82
02-N/12-14404;2012-10-02;215.49;86.87;258.14
02-N/12-14196;2012-09-27;47.55;30.83;56.95
02-N/12-13932;2012-09-24;272.00;79.91;325.83
02-N/12-13593;2012-09-17;585.17;292.24;700.98
02-N/12-13460;2012-09-13;400.00;117.51;479.16
02-N/12-13433;2012-09-12;203.14;64.09;243.34
02-N/12-13314;2012-09-10;124.26;56.57;148.85
02-N/12-12966;2012-08-31;110.74;64.56;129.36
02-N/12-12913;2012-08-30;215.34;59.22;251.56
02-N/12-12171;2012-08-07;66.65;32.06;77.86
02-N/12-12088;2012-08-02;314.50;99.89;367.40
02-N/12-11876;2012-07-27;330.80;185.73;386.44
02-N/12-11570;2012-07-19;248.20;85.69;289.95
02-N/12-11503;2012-07-18;127.20;71.64;148.60
02-N/12-11027;2012-07-09;109.18;56.74;127.55
02-N/12-10767;2012-07-03;109.52;59.23;127.94
02-N/12-10703;2012-07-02;448.75;231.14;524.23
02-N/12-10440;2012-06-26;338.79;151.93;395.77
02-N/12-10166;2012-06-19;400.10;203.46;467.40
02-N/12-10038;2012-06-15;302.40;180.22;353.27
02-N/12-09961;2012-06-14;240.00;70.77;280.37
02-N/12-09769;2012-06-11;218.72;84.05;255.51
02-N/12-09616;2012-06-08;-243.84;-145.99;-287.73
02-N/12-09598;2012-06-06;348.83;131.57;407.50
02-N/12-09331;2012-05-31;219.00;42.69;255.84
02-N/12-09251;2012-05-30;206.99;69.56;241.81
02-N/12-09076;2012-05-25;259.82;154.76;303.52
02-N/12-08938;2012-05-23;392.16;120.46;458.12
02-N/12-08717;2012-05-18;296.78;165.29;346.70
02-N/12-08404;2012-05-14;432.00;132.48;504.66
02-N/12-07972;2012-05-04;224.60;99.76;262.37
02-N/12-07930;2012-05-03;136.02;54.31;158.90
02-N/12-07636;2012-04-26;232.15;101.69;271.20
02-N/12-07399;2012-04-23;96.38;47.99;112.60
02-N/12-07320;2012-04-20;207.25;123.12;242.11
02-N/12-06926;2012-04-16;81.32;35.67;95.00
02-N/12-06567;2012-04-10;316.18;111.18;369.36
02-N/12-06171;2012-03-30;320.55;91.31;374.46
02-N/12-05919;2012-03-27;257.94;83.88;301.32
02-N/12-05819;2012-03-26;128.65;73.07;150.28
02-N/12-05732;2012-03-23;62.40;32.39;72.90
02-N/12-05674;2012-03-23;383.20;161.44;447.66
02-N/12-05664;2012-03-23;155.70;96.93;181.89
02-N/12-05429;2012-03-20;114.00;74.67;133.17
02-N/12-05307;2012-03-19;322.67;141.69;376.94
02-N/12-05048;2012-03-14;96.96;62.16;113.27
02-N/12-04813;2012-03-09;384.15;111.25;448.77
02-N/12-04629;2012-03-07;88.40;47.80;103.27
02-N/12-04389;2012-03-05;148.15;83.46;173.07
02-N/12-04069;2012-02-29;89.67;40.26;104.75
02-N/12-03461;2012-02-20;297.12;177.19;347.10
02-N/12-03377;2012-02-17;99.04;60.91;115.70
02-N/12-03257;2012-02-16;205.15;80.00;239.66
02-N/12-03066;2012-02-14;98.25;62.26;114.78
02-N/12-02922;2012-02-13;86.41;47.41;100.95
02-N/12-02734;2012-02-09;288.16;150.04;336.63
02-N/12-02712;2012-02-09;254.64;96.20;297.47
02-N/12-02560;2012-02-07;134.81;61.93;157.48
02-N/12-02430;2012-02-06;113.10;66.92;132.12
02-N/12-02303;2012-02-02;181.30;70.71;211.80
02-N/12-02171;2012-02-01;81.86;39.81;95.63
02-N/12-02071;2012-01-31;303.38;149.86;354.41
02-N/12-01528;2012-01-24;72.74;41.94;84.97
02-N/12-01300;2012-01-20;189.05;65.08;220.85
02-N/12-01247;2012-01-20;218.40;74.77;255.14
02-N/12-01215;2012-01-19;144.15;37.65;168.40
02-N/12-01092;2012-01-18;191.83;77.32;224.09
02-N/12-00797;2012-01-13;131.52;65.96;153.64
02-N/12-00589;2012-01-11;234.00;67.66;273.36
02-N/12-00578;2012-01-11;247.70;140.54;289.36
02-N/12-00375;2012-01-09;75.30;39.58;87.97
02-N/12-00339;2012-01-05;345.42;175.80;403.52
02-N/12-00173;2012-01-04;104.96;47.36;122.61
02-N/12-00067;2012-01-02;227.60;86.51;265.88
02-N/11-23415;2011-12-30;153.02;0.00;178.76
02-N/11-23353;2011-12-29;115.80;0.00;135.28
02-N/11-23216;2011-12-28;318.40;0.00;371.96
02-N/11-22788;2011-12-20;65.32;0.00;76.31
02-N/11-22660;2011-12-19;135.60;0.00;158.40
02-N/11-22547;2011-12-16;640.34;0.00;748.05
02-N/11-22117;2011-12-12;187.81;0.00;219.40
02-N/11-21300;2011-11-28;167.65;0.00;195.84
02-N/11-20750;2011-11-21;378.40;0.00;442.05
02-N/11-20560;2011-11-17;-80.51;0.00;-95.00
02-N/11-20435;2011-11-15;169.36;0.00;197.85
02-N/11-20322;2011-11-14;109.50;0.00;127.92
02-N/11-20212;2011-11-11;265.94;0.00;310.67
02-N/11-20047;2011-11-10;681.49;0.00;796.12
02-N/11-19088;2011-10-26;205.10;0.00;239.60
02-N/11-18716;2011-10-20;66.20;0.00;77.34
02-N/11-18554;2011-10-19;314.30;0.00;367.17
02-N/11-18332;2011-10-17;81.75;0.00;95.50
02-N/11-18253;2011-10-14;281.90;0.00;329.31
02-N/11-17846;2011-10-07;124.20;0.00;145.09
02-N/11-17654;2011-10-06;137.41;0.00;160.53
02-N/11-17112;2011-09-28;157.46;0.00;183.95
02-N/11-16912;2011-09-26;69.95;0.00;81.72
02-N/11-16658;2011-09-22;133.81;0.00;156.31
02-N/11-16474;2011-09-20;70.50;0.00;82.36
02-N/11-16342;2011-09-19;576.74;0.00;673.74
02-N/11-16228;2011-09-16;345.26;0.00;403.34
02-N/11-15737;2011-09-09;173.94;0.00;203.20
02-N/11-15344;2011-09-05;170.40;0.00;199.07
02-N/11-15216;2011-09-02;397.95;0.00;464.88
02-N/11-14979;2011-08-31;79.43;0.00;92.80
02-N/11-14900;2011-08-29;101.95;0.00;119.10
02-N/11-14134;2011-08-09;61.00;0.00;71.26
02-N/11-14063;2011-08-08;255.73;0.00;298.74
02-N/11-13846;2011-08-03;78.90;0.00;92.17
02-N/11-13742;2011-08-02;142.40;0.00;166.36
02-N/11-13726;2011-08-01;42.01;0.00;49.08
02-N/11-13542;2011-07-27;498.35;0.00;582.18
02-N/11-13512;2011-07-27;96.60;0.00;112.84
02-N/11-13454;2011-07-26;369.81;0.00;432.01
02-N/11-13280;2011-07-21;135.50;0.00;158.30
02-N/11-13057;2011-07-19;240.00;0.00;280.37
02-N/11-12990;2011-07-18;90.23;0.00;105.41
02-N/11-12427;2011-07-07;298.50;0.00;348.71
02-N/11-12357;2011-07-06;167.40;0.00;195.56
02-N/11-11888;2011-06-29;228.99;0.00;267.51
02-N/11-11529;2011-06-21;62.16;0.00;72.62
02-N/11-11408;2011-06-20;67.26;0.00;78.58
02-N/11-11254;2011-06-16;145.35;0.00;169.80
02-N/11-11045;2011-06-14;87.80;0.00;102.57
02-N/11-10932;2011-06-13;177.06;0.00;206.84
02-N/11-10930;2011-06-13;202.85;0.00;236.97
02-N/11-10611;2011-06-07;20.90;0.00;24.41
02-N/11-10558;2011-06-07;335.34;0.00;391.75
02-N/11-10257;2011-06-01;67.30;0.00;78.62
02-N/11-10180;2011-06-01;276.16;0.00;322.61
02-N/11-09966;2011-05-27;114.75;0.00;134.05
02-N/11-09914;2011-05-26;112.39;0.00;131.30
02-N/11-09823;2011-05-25;70.47;0.00;82.33
02-N/11-09769;2011-05-25;363.90;0.00;425.11
02-N/11-09612;2011-05-23;206.90;0.00;241.70
02-N/11-09436;2011-05-19;257.13;0.00;300.38
02-N/11-09054;2011-05-13;82.20;0.00;96.03
02-N/11-08773;2011-05-10;248.40;0.00;290.19
02-N/11-08611;2011-05-09;316.86;0.00;370.15
02-N/11-08507;2011-05-06;244.03;0.00;285.08
02-N/11-07788;2011-04-26;95.90;0.00;112.03
02-N/11-07602;2011-04-20;134.80;0.00;157.47
02-N/11-07508;2011-04-18;164.83;0.00;192.55
02-N/11-07263;2011-04-14;193.73;0.00;226.31
02-N/11-07209;2011-04-13;198.40;0.00;231.78
02-N/11-07054;2011-04-12;445.90;0.00;520.90
02-N/11-06936;2011-04-08;154.32;0.00;180.28
02-N/11-06849;2011-04-07;489.46;0.00;571.79
02-N/11-06715;2011-04-06;370.30;0.00;432.59
02-N/11-06677;2011-04-06;241.76;0.00;282.42
02-N/11-06632;2011-04-05;217.42;0.00;254.00
02-N/11-06498;2011-04-04;198.80;0.00;232.24
02-N/11-06292;2011-03-30;232.80;0.00;271.95
02-N/11-05890;2011-03-24;141.46;0.00;165.26
02-N/11-05604;2011-03-22;199.70;0.00;233.29
02-N/11-05502;2011-03-18;66.52;0.00;77.70
02-N/11-04767;2011-03-09;400.80;0.00;468.21
02-N/11-04702;2011-03-09;275.43;0.00;321.76
02-N/11-04564;2011-03-07;223.85;0.00;261.50
02-N/11-03988;2011-02-25;101.20;0.00;118.22
02-N/11-03681;2011-02-22;162.00;0.00;189.25
02-N/11-03529;2011-02-21;65.30;0.00;76.29
02-N/11-03244;2011-02-16;109.80;0.00;128.27
02-N/11-03096;2011-02-15;314.60;0.00;367.51
02-N/11-02881;2011-02-10;68.18;0.00;79.65
02-N/11-02762;2011-02-09;434.95;0.00;508.11
02-N/11-02573;2011-02-08;603.19;0.00;704.65
02-N/11-02539;2011-02-07;94.64;0.00;110.55
02-N/11-02376;2011-02-04;346.40;0.00;404.67
02-N/11-02232;2011-02-03;-280.54;0.00;-331.04
02-N/11-02219;2011-02-02;65.04;0.00;75.98
02-N/11-02201;2011-02-02;210.60;0.00;246.02
02-N/11-01464;2011-01-24;170.48;0.00;199.16
02-N/11-01182;2011-01-19;71.20;0.00;83.18
02-N/11-00938;2011-01-17;158.50;0.00;185.17
02-N/11-00856;2011-01-17;688.08;0.00;803.82
02-N/11-00766;2011-01-14;331.80;0.00;387.61
02-N/11-00611;2011-01-12;114.43;0.00;133.68
02-N/11-00462;2011-01-11;342.00;0.00;399.52
02-N/11-00441;2011-01-11;206.50;0.00;241.24
02-N/11-00406;2011-01-10;132.00;0.00;154.20
02-N/10-18372;2010-12-28;227.45;0.00;265.71
02-N/10-17893;2010-12-20;156.00;0.00;182.24
02-N/10-17828;2010-12-20;455.40;0.00;532.00
02-N/10-17792;2010-12-17;119.84;0.00;140.00
02-N/10-17615;2010-12-15;310.75;0.00;363.02
02-N/10-17464;2010-12-14;158.76;0.00;185.46
02-N/10-17351;2010-12-13;346.20;0.00;404.43
02-N/10-16307;2010-11-25;383.08;0.00;447.52
02-N/10-16221;2010-11-25;72.00;0.00;84.11
02-N/10-16168;2010-11-24;273.42;0.00;319.41
02-N/10-15982;2010-11-22;302.30;0.00;353.15
02-N/10-15640;2010-11-17;73.00;0.00;85.28
02-N/10-15524;2010-11-16;587.65;0.00;686.49
02-N/10-15253;2010-11-12;242.60;0.00;283.40
02-N/10-14755;2010-11-05;434.01;0.00;507.01
02-N/10-14689;2010-11-04;156.70;0.00;183.05
02-N/10-14567;2010-11-03;94.02;0.00;109.83
02-N/10-14485;2010-11-02;107.78;0.00;125.91
02-N/10-14379;2010-10-29;174.15;0.00;203.44
02-N/10-14222;2010-10-27;96.00;0.00;112.15
02-N/10-13995;2010-10-25;112.12;0.00;130.98
02-N/10-13726;2010-10-20;114.79;0.00;134.10
02-N/10-13638;2010-10-19;68.70;0.00;80.25
02-N/10-13494;2010-10-18;242.60;0.00;283.40
02-N/10-13311;2010-10-14;39.60;0.00;46.26
02-N/10-12976;2010-10-07;11.70;0.00;13.66
02-N/10-12850;2010-10-06;59.40;0.00;69.40
02-N/10-12709;2010-10-04;366.00;0.00;427.56
02-N/10-12573;2010-09-30;96.04;0.00;112.19
02-N/10-12265;2010-09-24;622.84;0.00;727.60
02-N/10-12193;2010-09-23;76.53;0.00;89.40
02-N/10-11979;2010-09-21;168.90;0.00;197.31
02-N/10-11953;2010-09-21;546.38;0.00;638.29
02-N/10-11766;2010-09-16;348.20;0.00;406.77
02-N/10-11513;2010-09-13;240.90;0.00;281.42
02-N/10-11196;2010-09-06;297.00;0.00;346.96
02-N/10-11091;2010-09-02;475.60;0.00;555.59
02-N/10-10936;2010-08-30;249.70;0.00;291.70
02-N/10-10929;2010-08-30;82.67;0.00;96.57
02-N/10-10182;2010-08-04;62.75;0.00;73.30
02-N/10-10138;2010-08-03;364.60;0.00;425.92
02-N/10-10058;2010-07-30;85.70;0.00;100.11
02-N/10-09978;2010-07-29;82.15;0.00;95.97
02-N/10-09977;2010-07-29;388.86;0.00;454.26
02-N/10-09778;2010-07-23;202.45;0.00;236.51
02-N/10-09582;2010-07-19;267.41;0.00;312.39
02-N/10-09451;2010-07-15;162.20;0.00;189.48
02-N/10-09350;2010-07-14;60.66;0.00;70.86
02-N/10-09211;2010-07-09;175.24;0.00;204.72
02-N/10-09064;2010-07-07;536.52;0.00;626.76
02-N/10-09015;2010-07-06;179.25;0.00;209.40
02-N/10-08921;2010-07-02;184.44;0.00;215.47
02-N/10-08856;2010-07-01;358.30;0.00;418.57
02-N/10-08617;2010-06-25;163.63;0.00;187.91
02-N/10-08077;2010-06-15;412.55;0.00;473.77
02-N/10-07658;2010-06-04;251.36;0.00;288.67
02-N/10-07589;2010-06-02;75.50;0.00;86.71
02-N/10-07450;2010-05-31;604.97;0.00;694.75
02-N/10-07226;2010-05-26;255.35;0.00;293.25
02-N/10-07037;2010-05-21;98.15;0.00;112.72
02-N/10-06982;2010-05-20;151.14;0.00;173.57
02-N/10-06574;2010-05-12;109.37;0.00;125.60
02-N/10-06375;2010-05-07;612.45;0.00;703.34
02-N/10-06129;2010-05-04;322.08;0.00;369.88
02-N/10-06098;2010-05-03;120.72;0.00;138.63
02-N/10-06073;2010-05-03;92.44;0.00;106.16
02-N/10-05947;2010-04-29;279.80;0.00;321.32
02-N/10-05571;2010-04-21;200.50;0.00;230.26
02-N/10-05419;2010-04-19;222.60;0.00;255.63
02-N/10-05119;2010-04-13;98.98;0.00;113.67
02-N/10-05021;2010-04-12;323.45;0.00;371.46
02-N/10-05009;2010-04-09;496.60;0.00;570.29
02-N/10-04591;2010-03-30;545.10;0.00;625.99
02-N/10-04463;2010-03-26;63.84;0.00;73.31
02-N/10-04302;2010-03-24;211.60;0.00;243.00
02-N/10-04158;2010-03-22;294.57;0.00;338.28
02-N/10-04020;2010-03-18;578.95;0.00;664.87
02-N/10-03845;2010-03-16;282.04;0.00;323.90
02-N/10-03495;2010-03-09;408.30;0.00;468.90
02-N/10-03404;2010-03-08;276.70;0.00;317.76
02-N/10-03174;2010-03-03;546.21;0.00;627.27
02-N/10-02830;2010-02-24;75.00;0.00;86.13
02-N/10-02710;2010-02-23;149.71;0.00;171.92
02-N/10-02487;2010-02-18;511.41;0.00;587.31
02-N/10-02343;2010-02-17;395.12;0.00;453.76
02-N/10-02174;2010-02-12;331.50;0.00;380.70
02-N/10-02155;2010-02-11;157.00;0.00;180.30
02-N/10-01915;2010-02-08;102.00;0.00;117.14
02-N/10-01655;2010-02-03;534.34;0.00;613.64
02-N/10-01586;2010-02-02;251.25;0.00;288.54
02-N/10-01259;2010-01-27;202.39;0.00;232.43
02-N/10-01185;2010-01-26;288.55;0.00;331.37
02-N/10-01042;2010-01-25;141.88;0.00;162.93
02-N/10-00809;2010-01-20;284.64;0.00;326.88
02-N/10-00680;2010-01-18;154.02;0.00;176.88
02-N/10-00652;2010-01-18;325.65;0.00;373.97
02-N/10-00470;2010-01-13;65.82;0.00;75.59
02-N/10-00320;2010-01-12;103.98;0.00;119.41
02-N/09-13544;2009-12-28;218.65;0.00;251.09
02-N/09-13494;2009-12-23;111.00;0.00;127.47
02-N/09-13436;2009-12-22;102.60;0.00;117.82
02-N/09-13211;2009-12-17;294.80;0.00;338.55
02-N/09-13152;2009-12-16;62.10;0.00;71.32
02-N/09-12943;2009-12-14;155.05;0.00;178.06
02-N/09-12375;2009-11-30;541.28;0.00;621.61
02-N/09-12046;2009-11-24;67.88;0.00;77.95
02-N/09-11933;2009-11-20;295.00;0.00;338.78
02-N/09-11915;2009-11-20;162.10;0.00;186.16
02-N/09-11660;2009-11-16;86.82;0.00;99.70
02-N/09-11398;2009-11-11;441.00;0.00;506.44
02-N/09-11356;2009-11-10;62.40;0.00;71.66
02-N/09-11021;2009-11-03;62.76;0.00;72.07
02-N/09-10969;2009-11-02;324.14;0.00;372.24
02-N/09-10955;2009-11-02;223.10;0.00;256.21
02-N/09-10901;2009-10-30;349.87;0.00;401.79
02-N/09-10673;2009-10-26;169.70;0.00;194.88
02-N/09-10379;2009-10-20;1112.26;0.00;1277.32
02-N/09-09904;2009-10-08;106.88;0.00;122.74
02-N/09-09760;2009-10-06;459.80;0.00;528.03
02-N/09-09449;2009-09-29;351.76;0.00;403.96
02-N/09-09304;2009-09-25;96.80;0.00;111.16
02-N/09-09253;2009-09-24;260.70;0.00;299.38
02-N/09-09168;2009-09-23;80.00;0.00;91.87
02-N/09-09023;2009-09-18;133.25;0.00;153.03
02-N/09-08810;2009-09-15;117.70;0.00;135.16
02-N/09-08724;2009-09-14;351.79;0.00;403.99
02-N/09-08562;2009-09-09;131.25;0.00;150.73
02-N/09-08500;2009-09-08;166.60;0.00;191.32
02-N/09-08451;2009-09-07;487.40;0.00;559.73
02-N/09-08018;2009-08-24;248.28;0.00;285.13
02-B/07-02499;2007-03-30;672.36;0.00;756.54
02-B/07-03001;2007-04-20;-89.00;0.00;-103.24
02-B/07-02018;2007-03-14;65.78;0.00;76.30
02-B/07-03002;2007-04-20;424.65;0.00;482.75
02-B/07-03745;2007-05-21;167.46;0.00;194.25
02-B/07-04497;2007-06-18;75.90;0.00;88.04
02-B/07-00060;2007-01-03;186.40;0.00;216.22
02-B/07-00320;2007-01-15;260.00;0.00;295.57
02-B/07-03025;2007-04-23;107.72;0.00;124.96
02-B/07-05013;2007-07-06;284.36;0.00;323.26
02-B/07-02525;2007-04-02;403.13;0.00;458.28
02-B/07-03522;2007-05-11;461.20;0.00;518.94
02-B/07-00823;2007-02-01;-34.00;0.00;-39.44
02-B/07-00824;2007-02-01;107.36;0.00;124.54
02-B/07-00577;2007-01-23;60.00;0.00;69.60
02-B/07-03281;2007-05-03;49.50;0.00;57.42
02-B/07-01068;2007-02-09;398.40;0.00;452.90
02-B/07-02289;2007-03-23;243.10;0.00;276.36
02-B/07-05276;2007-07-19;164.00;0.00;190.24
02-B/07-00093;2007-01-04;228.00;0.00;259.19
02-B/07-04784;2007-06-27;444.60;0.00;500.26
02-B/07-05535;2007-08-02;494.50;0.00;556.42
02-B/07-02801;2007-04-13;88.00;0.00;102.08
02-B/07-05042;2007-07-09;323.75;0.00;368.04
02-B/07-03554;2007-05-14;148.80;0.00;167.43
02-B/07-03555;2007-05-14;526.37;0.00;592.27
02-B/07-00611;2007-01-24;206.20;0.00;234.41
02-B/07-01592;2007-02-27;224.00;0.00;254.64
02-B/07-05555;2007-08-03;83.10;0.00;94.47
02-B/07-00122;2007-01-05;296.25;0.00;336.78
02-B/07-02082;2007-03-16;258.54;0.00;293.91
02-B/07-04814;2007-06-28;99.50;0.00;115.42
02-B/07-04321;2007-06-11;364.80;0.00;410.48
02-B/07-02098;2007-03-19;130.70;0.00;151.61
02-B/07-05332;2007-07-23;607.80;0.00;683.90
02-B/07-00393;2007-01-16;470.50;0.00;534.86
02-B/07-03591;2007-05-15;71.00;0.00;82.36
02-B/07-02604;2007-04-05;163.00;0.00;189.08
02-B/07-03355;2007-05-07;278.65;0.00;316.77
02-B/07-01137;2007-02-12;123.42;0.00;143.17
02-B/07-05093;2007-07-11;280.40;0.00;318.76
02-B/07-00901;2007-02-05;154.50;0.00;179.22
02-B/07-00415;2007-01-17;189.50;0.00;219.82
02-B/07-04607;2007-06-20;150.00;0.00;174.00
02-B/07-02869;2007-04-17;532.93;0.00;599.65
02-B/07-02376;2007-03-27;351.90;0.00;400.04
02-B/07-04365;2007-06-12;52.20;0.00;60.55
02-B/07-01407;2007-02-21;50.40;0.00;58.46
02-B/07-03865;2007-05-24;516.80;0.00;581.51
02-B/07-04867;2007-07-02;280.50;0.00;318.87
02-B/07-04872;2007-07-02;22.00;0.00;25.52
02-B/07-03142;2007-04-26;454.61;0.00;516.80
02-B/07-03878;2007-05-25;-195.00;0.00;-219.41
02-B/07-01670;2007-03-01;73.36;0.00;85.10
02-B/07-01177;2007-02-13;178.00;0.00;206.48
02-B/07-03395;2007-05-08;161.90;0.00;187.80
02-B/07-03640;2007-05-16;32.40;0.00;37.58
02-B/07-00695;2007-01-26;168.00;0.00;194.88
02-B/07-02158;2007-03-20;73.36;0.00;85.10
02-B/07-03647;2007-05-17;81.60;0.00;94.66
02-B/07-01438;2007-02-22;-89.00;0.00;-103.24
02-B/07-03159;2007-04-27;71.00;0.00;82.36
02-B/07-01440;2007-02-22;614.20;0.00;691.09
02-B/07-01934;2007-03-12;76.70;0.00;88.97
02-B/07-00464;2007-01-18;135.25;0.00;156.89
02-B/07-05405;2007-07-26;362.51;0.00;407.89
02-B/07-05163;2007-07-13;132.00;0.00;153.12
02-B/07-02926;2007-04-18;85.95;0.00;99.70
02-B/07-00969;2007-02-06;384.00;0.00;436.53
02-B/07-00736;2007-01-29;453.30;0.00;515.31
02-B/07-00245;2007-01-11;113.70;0.00;131.89
02-B/07-03199;2007-04-30;279.70;0.00;314.72
02-B/07-01230;2007-02-14;82.70;0.00;95.93
02-B/07-03446;2007-05-09;474.55;0.00;533.96
02-B/07-00748;2007-01-30;166.70;0.00;193.37
02-B/07-04193;2007-06-05;68.30;0.00;79.23
02-B/07-00503;2007-01-19;154.50;0.00;179.22
02-B/07-02708;2007-04-11;100.00;0.00;116.00
02-B/07-00011;2007-01-02;179.75;0.00;208.51
02-B/07-05445;2007-07-30;174.00;0.00;201.84
02-B/07-01978;2007-03-13;246.40;0.00;280.11
02-B/07-04950;2007-07-04;223.50;0.00;254.07
02-B/07-03218;2007-05-02;118.50;0.00;137.46
02-B/07-01002;2007-02-07;165.60;0.00;192.10
02-B/07-03710;2007-05-18;380.60;0.00;432.67
02-B/07-02221;2007-03-22;102.46;0.00;118.85
02-B/07-02724;2007-04-12;-73.36;0.00;-85.10
02-B/07-04470;2007-06-15;-58.00;0.00;-67.28
02-B/07-05221;2007-07-17;174.87;0.00;202.85
02-B/07-04471;2007-06-15;58.00;0.00;67.28
02-B/07-01767;2007-03-06;345.15;0.00;392.37
02-B/07-05727;2007-08-14;854.94;0.00;961.98
02-B/06-04969;2006-11-02;528.90;0.00;595.11
02-B/06-04475;2006-10-13;448.00;0.00;509.29
02-B/06-02535;2006-07-06;392.85;0.00;446.59
02-B/06-04246;2006-10-03;237.50;0.00;269.99
02-B/06-03033;2006-07-31;220.00;0.00;250.10
02-B/06-01798;2006-06-02;102.00;0.00;118.32
02-B/06-05978;2006-12-11;185.00;0.00;214.60
02-B/06-01307;2006-05-15;134.10;0.00;155.56
02-B/06-03274;2006-08-17;314.23;0.00;357.22
02-B/06-00567;2006-04-06;225.80;0.00;256.68
02-B/06-06236;2006-12-20;214.50;0.00;243.84
02-B/06-01074;2006-05-04;234.80;0.00;266.92
02-B/06-04021;2006-09-25;376.40;0.00;423.53
02-B/06-02309;2006-06-26;397.00;0.00;451.31
02-B/06-05001;2006-11-03;279.00;0.00;317.17
02-B/06-04265;2006-10-04;122.30;0.00;139.03
02-B/06-01821;2006-06-05;54.00;0.00;62.64
02-B/06-02813;2006-07-19;551.65;0.00;620.72
02-B/06-01083;2006-05-04;771.30;0.00;867.87
02-B/06-02567;2006-07-07;259.85;0.00;295.39
02-B/06-03787;2006-09-14;1539.25;0.00;1731.96
02-B/06-00836;2006-04-21;165.50;0.00;191.98
02-B/06-01338;2006-05-16;93.25;0.00;108.17
02-B/06-00601;2006-04-07;60.00;0.00;69.60
02-B/06-03314;2006-08-21;283.90;0.00;329.32
02-B/06-02590;2006-07-10;65.12;0.00;75.54
02-B/06-03809;2006-09-15;116.00;0.00;130.52
02-B/06-00858;2006-04-24;445.40;0.00;506.33
02-B/06-01848;2006-06-06;95.85;0.00;111.19
02-B/06-03084;2006-08-02;433.60;0.00;492.92
02-B/06-00862;2006-04-26;426.25;0.00;484.57
02-B/06-04054;2006-09-26;373.60;0.00;424.71
02-B/06-02845;2006-07-20;194.00;0.00;225.04
02-B/06-01121;2006-05-05;18.00;0.00;20.88
02-B/06-05535;2006-11-22;88.30;0.00;102.43
02-B/06-03098;2006-08-03;343.50;0.00;390.49
02-B/06-03336;2006-08-23;191.00;0.00;221.56
02-B/06-05050;2006-11-06;448.50;0.00;509.85
02-B/06-02117;2006-06-16;482.40;0.00;548.39
02-B/06-02614;2006-07-11;518.60;0.00;583.53
02-B/06-03589;2006-09-05;280.80;0.00;319.21
02-B/06-02864;2006-07-21;93.00;0.00;105.72
02-B/06-01138;2006-05-08;485.15;0.00;551.52
02-B/06-03126;2006-08-04;94.50;0.00;109.62
02-B/06-01894;2006-06-07;70.00;0.00;81.20
02-B/06-02143;2006-06-19;115.60;0.00;134.10
02-B/06-03857;2006-09-19;252.20;0.00;286.71
02-B/06-02396;2006-06-28;68.90;0.00;79.92
02-B/06-02645;2006-07-12;159.00;0.00;184.44
02-B/06-05584;2006-11-23;566.60;0.00;637.54
02-B/06-05340;2006-11-15;150.42;0.00;174.49
02-B/06-01667;2006-05-29;130.20;0.00;151.03
02-B/06-01910;2006-06-08;425.25;0.00;483.43
02-B/06-04850;2006-10-27;-185.00;0.00;-210.31
02-B/06-01423;2006-05-18;33.00;0.00;38.28
02-B/06-03632;2006-09-07;326.52;0.00;371.19
02-B/06-01428;2006-05-19;433.65;0.00;492.98
02-B/06-06102;2006-12-14;46.04;0.00;53.41
02-B/06-01183;2006-05-09;88.00;0.00;102.08
02-B/06-05108;2006-11-07;257.90;0.00;293.18
02-B/06-01677;2006-05-30;155.00;0.00;179.80
02-B/06-05855;2006-12-04;212.50;0.00;241.57
02-B/06-00687;2006-04-12;111.35;0.00;129.17
02-B/06-00940;2006-04-27;313.80;0.00;356.72
02-B/06-02670;2006-07-13;92.00;0.00;106.72
02-B/06-03892;2006-09-20;-99.00;0.00;-114.84
02-B/06-06368;2006-12-27;426.92;0.00;480.37
02-B/06-05122;2006-11-08;214.35;0.00;241.19
02-B/06-04639;2006-10-19;487.10;0.00;548.09
02-B/06-01210;2006-05-10;129.38;0.00;150.08
02-B/06-03907;2006-09-20;99.00;0.00;114.84
02-B/06-04645;2006-10-20;79.60;0.00;90.49
02-B/06-02456;2006-06-30;171.70;0.00;195.19
02-B/06-01960;2006-06-09;64.70;0.00;75.05
02-B/06-01476;2006-05-22;138.95;0.00;161.18
02-B/06-02215;2006-06-21;221.30;0.00;251.57
02-B/06-04417;2006-10-10;215.00;0.00;244.41
02-B/06-00484;2006-04-03;206.00;0.00;234.18
02-B/06-01724;2006-05-31;265.00;0.00;301.25
02-B/06-04667;2006-10-23;-0.40;0.00;-0.46
02-B/06-05907;2006-12-05;717.25;0.00;807.05
02-B/06-03446;2006-08-29;225.20;0.00;256.01
02-B/06-02477;2006-07-03;278.40;0.00;316.48
02-B/06-04193;2006-10-02;798.57;0.00;898.55
02-B/06-01253;2006-05-11;104.00;0.00;120.64
02-B/06-03219;2006-08-10;202.00;0.00;229.63
02-B/06-03711;2006-09-12;162.00;0.00;187.92
02-B/06-01007;2006-05-02;228.20;0.00;259.42
02-B/06-05434;2006-11-17;108.41;0.00;125.76
02-B/06-00767;2006-04-19;298.90;0.00;339.79
02-B/06-03964;2006-09-21;333.50;0.00;379.12
02-B/06-01519;2006-05-23;224.40;0.00;255.10
02-B/06-00526;2006-04-04;444.90;0.00;505.76
02-B/06-05692;2006-11-27;372.14;0.00;423.05
02-B/06-05199;2006-11-10;474.40;0.00;533.80
02-B/06-06199;2006-12-19;229.75;0.00;261.19
02-N/09-07413;2009-07-29;144.26;0.00;165.67
02-N/09-07398;2009-07-28;289.40;0.00;332.35
02-N/09-07396;2009-07-28;949.10;0.00;1089.95
02-N/09-07275;2009-07-24;571.06;0.00;655.81
02-N/09-07100;2009-07-20;82.30;0.00;94.52
02-N/09-07009;2009-07-16;249.99;0.00;287.09
02-N/09-06801;2009-07-10;131.40;0.00;150.90
02-N/09-06530;2009-07-03;639.61;0.00;734.52
02-N/09-06519;2009-07-03;98.08;0.00;112.64
02-N/09-06427;2009-07-01;288.80;0.00;331.66
02-N/09-05949;2009-06-17;230.36;0.00;264.55
02-N/09-05897;2009-06-16;353.14;0.00;405.55
02-N/09-05577;2009-06-05;62.05;0.00;71.26
02-N/09-05400;2009-06-02;378.80;0.00;435.01
02-N/09-05156;2009-05-26;289.40;0.00;332.35
02-N/09-05152;2009-05-26;179.90;0.00;206.60
02-N/09-04715;2009-05-14;372.00;0.00;427.20
02-N/09-04641;2009-05-13;119.20;0.00;136.89
02-N/09-04569;2009-05-11;40.85;0.00;46.91
02-N/09-04353;2009-05-05;156.46;0.00;179.68
02-N/09-04303;2009-05-04;126.90;0.00;145.73
02-N/09-04239;2009-04-30;77.50;0.00;89.01
02-N/09-03989;2009-04-23;463.45;0.00;532.23
02-N/09-03745;2009-04-16;356.80;0.00;409.75
02-N/09-03632;2009-04-14;72.50;0.00;83.26
02-N/09-03511;2009-04-08;126.44;0.00;145.21
02-N/09-03480;2009-04-07;202.60;0.00;232.66
02-N/09-03378;2009-04-02;546.05;0.00;627.08
02-N/09-03357;2009-04-02;288.60;0.00;331.42
02-N/09-03162;2009-03-30;291.20;0.00;334.42
02-N/09-03064;2009-03-26;179.08;0.00;205.66
02-N/09-02971;2009-03-24;500.10;0.00;574.32
02-N/09-02802;2009-03-18;79.64;0.00;91.45
02-N/09-02740;2009-03-17;225.38;0.00;258.83
02-N/09-02681;2009-03-16;148.41;0.00;170.44
02-N/09-02314;2009-03-05;191.15;0.00;219.52
02-N/09-02230;2009-03-04;194.50;0.00;223.37
02-N/09-02164;2009-03-03;189.70;0.00;217.85
02-N/09-02090;2009-03-02;365.55;0.00;419.79
02-N/09-01852;2009-02-23;80.70;0.00;92.67
02-N/09-01721;2009-02-18;148.47;0.00;170.51
02-N/09-01579;2009-02-16;292.21;0.00;335.58
02-N/09-01394;2009-02-11;162.48;0.00;186.60
02-N/09-01333;2009-02-10;138.00;0.00;158.48
02-N/09-01266;2009-02-09;482.45;0.00;554.05
02-N/09-01136;2009-02-05;424.05;0.00;486.98
02-N/09-01040;2009-02-03;296.88;0.00;340.94
02-N/09-00978;2009-02-02;218.40;0.00;250.82
02-N/09-00930;2009-01-30;136.63;0.00;156.90
02-N/09-00864;2009-01-29;379.68;0.00;436.02
02-N/09-00819;2009-01-28;152.50;0.00;175.14
02-N/09-00710;2009-01-26;64.00;0.00;73.50
02-N/09-00638;2009-01-22;182.02;0.00;209.03
02-N/09-00552;2009-01-21;405.20;0.00;465.33
02-N/09-00513;2009-01-20;430.10;0.00;493.93
02-N/09-00378;2009-01-15;127.20;0.00;146.08
02-N/09-00348;2009-01-15;349.83;0.00;401.74
02-N/09-00185;2009-01-12;293.00;0.00;336.48
02-N/09-00107;2009-01-08;389.76;0.00;447.60
02-N/08-12476;2008-12-24;112.76;0.00;129.49
02-N/08-12323;2008-12-18;189.41;0.00;217.52
02-N/08-12202;2008-12-16;110.92;0.00;127.38
02-N/08-12146;2008-12-15;749.80;0.00;861.07
02-N/08-12029;2008-12-11;478.44;0.00;549.45
02-N/08-11879;2008-12-05;264.48;0.00;303.73
02-N/08-11868;2008-12-05;289.60;0.00;332.57
02-N/08-11783;2008-12-03;300.66;0.00;345.27
02-N/08-11645;2008-12-02;417.74;0.00;479.73
02-N/08-11639;2008-11-28;146.95;0.00;168.76
02-N/08-11535;2008-11-26;264.03;0.00;303.21
02-N/08-11509;2008-11-26;89.52;0.00;102.80
02-N/08-11397;2008-11-24;690.28;0.00;792.72
02-N/08-11133;2008-11-18;672.46;0.00;772.26
02-N/08-11039;2008-11-14;107.96;0.00;123.98
02-N/08-10990;2008-11-13;236.19;0.00;271.24
02-N/08-10943;2008-11-12;62.12;0.00;71.34
02-N/08-10881;2008-11-11;379.20;0.00;435.48
02-N/08-10797;2008-11-10;487.28;0.00;559.60
02-N/08-10750;2008-11-07;412.19;0.00;473.36
02-N/08-10504;2008-11-03;281.09;0.00;322.80
02-N/08-10433;2008-10-30;266.24;0.00;305.75
02-N/08-10297;2008-10-28;411.69;0.00;472.78
02-N/08-10197;2008-10-27;-147.77;0.00;-171.41
02-N/08-10172;2008-10-24;388.45;0.00;446.10
02-N/08-09985;2008-10-21;215.90;0.00;247.94
02-N/08-09892;2008-10-16;118.78;0.00;136.40
02-N/08-09822;2008-10-15;75.60;0.00;86.81
02-N/08-09783;2008-10-15;168.45;0.00;193.45
02-N/08-09772;2008-10-14;155.72;0.00;178.83
02-N/08-09678;2008-10-10;210.16;0.00;241.35
02-N/08-09658;2008-10-09;139.74;0.00;160.47
02-N/08-09602;2008-10-08;101.35;0.00;116.39
02-N/08-09461;2008-10-06;265.56;0.00;304.96
02-N/08-09424;2008-10-03;82.90;0.00;95.20
02-N/08-09348;2008-10-02;641.37;0.00;736.55
02-N/08-09320;2008-10-01;216.49;0.00;248.62
02-N/08-09221;2008-09-30;183.60;0.00;210.84
02-N/08-09041;2008-09-24;375.33;0.00;431.03
02-N/08-09018;2008-09-23;111.90;0.00;128.50
02-N/08-08790;2008-09-18;-22.54;0.00;-26.15
02-N/08-08752;2008-09-17;154.75;0.00;177.71
02-N/08-08637;2008-09-12;181.95;0.00;208.95
02-N/08-08544;2008-09-11;133.91;0.00;153.78
02-N/08-08509;2008-09-10;257.50;0.00;295.72
02-N/08-08462;2008-09-09;230.75;0.00;264.99
02-N/08-08426;2008-09-08;47.71;0.00;54.79
02-N/08-08356;2008-09-04;186.77;0.00;214.48
02-N/08-08213;2008-08-29;47.58;0.00;54.64
02-N/08-08115;2008-08-27;490.58;0.00;563.38
02-N/08-08075;2008-08-25;179.09;0.00;205.67
02-N/08-07874;2008-08-13;252.45;0.00;289.92
02-N/08-07799;2008-08-08;26.72;0.00;30.68
02-N/08-07682;2008-08-04;45.60;0.00;52.36
02-N/08-07548;2008-07-29;769.18;0.00;883.33
02-N/08-07510;2008-07-28;126.20;0.00;144.93
02-N/08-07448;2008-07-24;162.63;0.00;186.76
02-N/08-07431;2008-07-24;159.10;0.00;182.71
02-N/08-07312;2008-07-21;200.08;0.00;229.77
02-N/08-07267;2008-07-18;239.22;0.00;274.72
02-N/08-07224;2008-07-17;164.76;0.00;189.21
02-N/08-07190;2008-07-16;115.80;0.00;132.98
02-N/08-06983;2008-07-10;191.59;0.00;220.02
02-N/08-06874;2008-07-08;143.31;0.00;164.58
02-N/08-06830;2008-07-07;74.62;0.00;85.69
02-N/08-06688;2008-07-01;168.12;0.00;193.07
02-N/08-06619;2008-06-30;371.47;0.00;426.60
02-N/08-06440;2008-06-25;249.84;0.00;286.91
02-N/08-06366;2008-06-20;456.97;0.00;524.78
02-N/08-06251;2008-06-18;256.86;0.00;294.98
02-N/08-06211;2008-06-17;128.54;0.00;147.61
02-N/08-05776;2008-06-03;852.28;0.00;978.76
02-N/08-05723;2008-06-02;478.57;0.00;549.58
02-N/08-05664;2008-05-30;120.70;0.00;140.01
02-N/08-05576;2008-05-28;88.00;0.00;102.08
02-N/08-05433;2008-05-26;129.55;0.00;150.28
02-N/08-05320;2008-05-21;367.40;0.00;417.66
02-N/08-05198;2008-05-19;61.32;0.00;71.13
02-N/08-05132;2008-05-16;180.95;0.00;203.60
02-N/08-05016;2008-05-14;292.00;0.00;331.95
02-N/08-04923;2008-05-13;69.03;0.00;77.67
02-N/08-04867;2008-05-09;254.73;0.00;289.58
02-N/08-04782;2008-05-08;-52.92;0.00;-61.39
02-N/08-04781;2008-05-08;312.84;0.00;355.63
02-N/08-04643;2008-05-06;0.00;0.00;0.00
02-N/08-04629;2008-05-06;255.25;0.00;290.17
02-N/08-04407;2008-04-28;257.15;0.00;292.33
02-N/08-04337;2008-04-24;395.00;0.00;449.04
02-N/08-04314;2008-04-23;80.80;0.00;93.73
02-N/08-04185;2008-04-21;46.00;0.00;53.36
02-N/08-04088;2008-04-17;243.30;0.00;276.58
02-N/08-03931;2008-04-14;297.00;0.00;337.63
02-N/08-03871;2008-04-11;219.00;0.00;248.96
02-N/08-03758;2008-04-09;359.25;0.00;404.23
02-N/08-03615;2008-04-07;63.10;0.00;73.20
02-N/08-03562;2008-04-04;96.50;0.00;111.94
02-N/08-03488;2008-04-03;236.00;0.00;268.28
02-N/08-03433;2008-04-02;79.60;0.00;92.34
02-N/08-03379;2008-04-01;109.00;0.00;126.44
02-N/08-03134;2008-03-26;467.20;0.00;531.12
02-N/08-02972;2008-03-18;364.40;0.00;414.25
02-N/08-02940;2008-03-17;154.85;0.00;174.23
02-N/08-02820;2008-03-12;432.50;0.00;491.67
02-N/08-02727;2008-03-11;605.30;0.00;681.08
02-N/08-02653;2008-03-07;82.00;0.00;95.12
02-N/08-02524;2008-03-05;488.00;0.00;554.76
02-N/08-02463;2008-03-04;271.80;0.00;308.98
02-N/08-02413;2008-03-03;123.50;0.00;140.39
02-N/08-02206;2008-02-26;1005.74;0.00;1131.66
02-N/08-02006;2008-02-21;190.91;0.00;217.02
02-N/08-01911;2008-02-19;544.00;0.00;612.11
02-N/08-01742;2008-02-14;349.80;0.00;397.65
02-N/08-01683;2008-02-13;65.15;0.00;74.07
02-N/08-01465;2008-02-08;245.73;0.00;279.35
02-N/08-01370;2008-02-07;75.26;0.00;87.30
02-N/08-01260;2008-02-06;437.29;0.00;497.11
02-N/08-01003;2008-01-29;111.20;0.00;128.99
02-N/08-00794;2008-01-23;1354.30;0.00;1523.86
02-N/08-00672;2008-01-21;1004.90;0.00;1130.71
02-N/08-00613;2008-01-18;123.50;0.00;143.26
02-N/08-00483;2008-01-16;133.70;0.00;155.09
02-N/08-00419;2008-01-15;508.00;0.00;571.60
02-N/08-00368;2008-01-14;80.70;0.00;93.61
02-N/08-00325;2008-01-11;131.10;0.00;152.08
02-N/08-00276;2008-01-10;107.94;0.00;125.21
02-N/08-00129;2008-01-07;248.50;0.00;282.49
02-N/08-00075;2008-01-03;100.00;0.00;116.00
02-N/07-03780;2007-12-27;160.60;0.00;182.57
02-N/07-03684;2007-12-21;212.65;0.00;241.74
02-N/07-03541;2007-12-19;-216.00;0.00;-243.04
02-N/07-03481;2007-12-17;0.00;0.00;0.00
02-N/07-03475;2007-12-17;44.60;0.00;50.70
02-N/07-03436;2007-12-17;-44.00;0.00;-50.02
02-N/07-03348;2007-12-12;185.50;0.00;210.88
02-N/07-03294;2007-12-11;353.40;0.00;401.74
02-N/07-03246;2007-12-10;69.40;0.00;78.89
02-N/07-03190;2007-12-07;395.80;0.00;449.94
02-N/07-03038;2007-12-03;804.13;0.00;904.81
02-N/07-02890;2007-11-27;204.58;0.00;232.57
02-N/07-02761;2007-11-23;197.76;0.00;224.81
02-N/07-02656;2007-11-21;27.50;0.00;31.90
02-N/07-02577;2007-11-20;30.30;0.00;34.44
02-N/07-02424;2007-11-16;426.50;0.00;484.85
02-N/07-02414;2007-11-15;0.00;0.00;0.00
02-N/07-02348;2007-11-14;314.60;0.00;357.64
02-N/07-02248;2007-11-13;161.80;0.00;187.69
02-N/07-02238;2007-11-12;526.40;0.00;592.31
02-N/07-02099;2007-11-07;322.75;0.00;366.91
02-N/07-02045;2007-11-06;76.20;0.00;88.39
02-N/07-01941;2007-10-31;121.50;0.00;140.94
02-N/07-01931;2007-10-30;407.10;0.00;462.79
02-N/07-01794;2007-10-25;373.35;0.00;424.42
02-N/07-01699;2007-10-23;487.05;0.00;564.98
02-N/07-01536;2007-10-18;169.50;0.00;196.62
02-N/07-01458;2007-10-16;168.00;0.00;190.98
02-N/07-01407;2007-10-15;64.50;0.00;73.32
02-N/07-01367;2007-10-11;55.00;0.00;63.80
02-N/07-01270;2007-10-09;513.94;0.00;578.28
02-N/07-01248;2007-10-09;-371.06;0.00;-421.82
02-N/07-01025;2007-10-01;467.28;0.00;531.20
02-N/07-00974;2007-09-28;318.30;0.00;361.84
02-N/07-00904;2007-09-26;200.00;0.00;227.36
02-N/07-00711;2007-09-19;155.90;0.00;180.84
02-N/07-00583;2007-09-14;62.90;0.00;72.96
02-N/07-00519;2007-09-12;106.21;0.00;123.20
02-N/07-00371;2007-09-05;231.00;0.00;262.60
02-N/07-00283;2007-08-31;142.80;0.00;162.33
02-N/07-00204;2007-08-28;369.72;0.00;420.30
